{
  "group": "alien_infestation",
  "type": "minecraft:crafting_shaped",
  "pattern": [
    "01",
    "23",
    "4 "
  ],
  "key": {
    "0": {
      "item": "alien_infestation:alienyingot"
    },
    "1": {
      "item": "alien_infestation:alienyingot"
    },
    "2": {
      "item": "minecraft:stick"
    },
    "3": {
      "item": "alien_infestation:alienyingot"
    },
    "4": {
      "item": "minecraft:stick"
    }
  },
  "result": {
    "item": "alien_infestation:alienyaxe",
    "count": 1
  }
}